{"_runtime":45.525437694,"_step":1,"train/loss":28.5405,"train/learning_rate":8.695652173913044e-07,"train/epoch":0,"train/global_step":2,"_wandb":{"runtime":64},"_timestamp":1.7486634738110101e+09}