{"train/global_step":2,"_wandb":{"runtime":63},"_timestamp":1.7486627980581121e+09,"_runtime":45.427859382,"_step":1,"train/loss":28.5405,"train/learning_rate":8.695652173913044e-07,"train/epoch":0}