{"train/global_step":5,"_timestamp":1.7486685172543278e+09,"_runtime":95.836344643,"_wandb":{"runtime":111},"_step":4,"train/loss":29.625,"train/learning_rate":2.173913043478261e-06,"train/epoch":0.01}