{"_runtime":45.317503446,"_step":1,"train/loss":28.5,"train/learning_rate":8.695652173913044e-07,"train/epoch":0,"train/global_step":2,"_timestamp":1.7486678171643376e+09,"_wandb":{"runtime":62}}