{"_runtime":62.697168605,"_wandb":{"runtime":79},"_step":2,"train/loss":30.25,"train/learning_rate":1.3043478260869566e-06,"train/epoch":0,"train/global_step":3,"_timestamp":1.7486683160550566e+09}