{"_timestamp":1.7486681659776886e+09,"_runtime":45.146722842,"_step":1,"train/loss":28.5,"_wandb":{"runtime":62},"train/learning_rate":8.695652173913044e-07,"train/epoch":0,"train/global_step":2}