{"_step":1,"_wandb":{"runtime":63},"train/loss":28.5,"train/learning_rate":8.695652173913044e-07,"train/epoch":0,"train/global_step":2,"_timestamp":1.7486680366911938e+09,"_runtime":45.339906688}