{"_timestamp":1.7486619534907277e+09,"_runtime":45.577079503,"_wandb":{"runtime":64},"_step":1,"train/loss":28.5405,"train/learning_rate":8.695652173913044e-07,"train/epoch":0,"train/global_step":2}